<ImportExportXml version="5.0.9690.3358" minimumversion="5.0" languagecode="1033" generatedBy="CrmLive" xmlns:xsi="http://www.w3.org/2001/XMLSchema-instance">
  <SolutionManifest>
    <UniqueName>GlobalQuickSearch</UniqueName>
    <LocalizedNames>
      <LocalizedName description="Global Quick Search" languagecode="1033" />
    </LocalizedNames>
    <Descriptions />
    <Version>1.5.0.0</Version>
    <Managed>0</Managed>
    <Publisher>
      <UniqueName>makarandkeer</UniqueName>
      <LocalizedNames>
        <LocalizedName description="Makarand Keer" languagecode="1033" />
      </LocalizedNames>
      <Descriptions />
      <EMailAddress>makarand_keer@hotmail.com</EMailAddress>
      <SupportingWebsiteUrl xsi:nil="true"></SupportingWebsiteUrl>
      <CustomizationPrefix>gqs</CustomizationPrefix>
      <CustomizationOptionValuePrefix>11755</CustomizationOptionValuePrefix>
      <Addresses>
        <Address>
          <AddressNumber>1</AddressNumber>
          <AddressTypeCode>1</AddressTypeCode>
          <City xsi:nil="true"></City>
          <County xsi:nil="true"></County>
          <Country xsi:nil="true"></Country>
          <Fax xsi:nil="true"></Fax>
          <FreightTermsCode xsi:nil="true"></FreightTermsCode>
          <ImportSequenceNumber xsi:nil="true"></ImportSequenceNumber>
          <Latitude xsi:nil="true"></Latitude>
          <Line1 xsi:nil="true"></Line1>
          <Line2 xsi:nil="true"></Line2>
          <Line3 xsi:nil="true"></Line3>
          <Longitude xsi:nil="true"></Longitude>
          <Name xsi:nil="true"></Name>
          <PostalCode xsi:nil="true"></PostalCode>
          <PostOfficeBox xsi:nil="true"></PostOfficeBox>
          <PrimaryContactName xsi:nil="true"></PrimaryContactName>
          <ShippingMethodCode>1</ShippingMethodCode>
          <StateOrProvince xsi:nil="true"></StateOrProvince>
          <Telephone1 xsi:nil="true"></Telephone1>
          <Telephone2 xsi:nil="true"></Telephone2>
          <Telephone3 xsi:nil="true"></Telephone3>
          <TimeZoneRuleVersionNumber xsi:nil="true"></TimeZoneRuleVersionNumber>
          <UPSZone xsi:nil="true"></UPSZone>
          <UTCOffset xsi:nil="true"></UTCOffset>
          <UTCConversionTimeZoneCode xsi:nil="true"></UTCConversionTimeZoneCode>
        </Address>
        <Address>
          <AddressNumber>2</AddressNumber>
          <AddressTypeCode>1</AddressTypeCode>
          <City xsi:nil="true"></City>
          <County xsi:nil="true"></County>
          <Country xsi:nil="true"></Country>
          <Fax xsi:nil="true"></Fax>
          <FreightTermsCode xsi:nil="true"></FreightTermsCode>
          <ImportSequenceNumber xsi:nil="true"></ImportSequenceNumber>
          <Latitude xsi:nil="true"></Latitude>
          <Line1 xsi:nil="true"></Line1>
          <Line2 xsi:nil="true"></Line2>
          <Line3 xsi:nil="true"></Line3>
          <Longitude xsi:nil="true"></Longitude>
          <Name xsi:nil="true"></Name>
          <PostalCode xsi:nil="true"></PostalCode>
          <PostOfficeBox xsi:nil="true"></PostOfficeBox>
          <PrimaryContactName xsi:nil="true"></PrimaryContactName>
          <ShippingMethodCode>1</ShippingMethodCode>
          <StateOrProvince xsi:nil="true"></StateOrProvince>
          <Telephone1 xsi:nil="true"></Telephone1>
          <Telephone2 xsi:nil="true"></Telephone2>
          <Telephone3 xsi:nil="true"></Telephone3>
          <TimeZoneRuleVersionNumber xsi:nil="true"></TimeZoneRuleVersionNumber>
          <UPSZone xsi:nil="true"></UPSZone>
          <UTCOffset xsi:nil="true"></UTCOffset>
          <UTCConversionTimeZoneCode xsi:nil="true"></UTCConversionTimeZoneCode>
        </Address>
      </Addresses>
    </Publisher>
    <RootComponents>
      <RootComponent type="1" schemaName="gqs_globalquicksearchconfig" />
      <RootComponent type="61" schemaName="gqs_/ClientBin/GlobalAdvanceFind_SL.xap" />
      <RootComponent type="61" schemaName="gqs_/GlobalAdvanceFind_SL.html" />
      <RootComponent type="61" schemaName="gqs_/GlobalQuickSearch_16x16.png" />
      <RootComponent type="61" schemaName="gqs_/GlobalQuickSearch_32x32.png" />
      <RootComponent type="61" schemaName="gqs_/GlobalSearch.js" />
      <RootComponent type="91" schemaName="CRMUtil.ISV.GlobalQuickSearch_Plugin, Version=1.2013.4.20, Culture=neutral, PublicKeyToken=7ea53821c77b6ca2" />
      <RootComponent type="92" id="{6eadaef0-6da9-e211-b925-78e3b5116629}" />
      <RootComponent type="92" id="{a94e7fa1-6da9-e211-b925-78e3b5116629}" />
    </RootComponents>
    <MissingDependencies />
  </SolutionManifest>
</ImportExportXml>